date,year,folder,file,district_id,district_name,mean_spei
1991-01-01,1990,spe12_m_gdo_19910101_19911201_m,spe12_m_gdo_19910101_m_100_z01.tif,1,Tavush,0.4858945310115814
1991-01-01,1990,spe12_m_gdo_19910101_19911201_m,spe12_m_gdo_19910101_m_100_z01.tif,2,Lori,0.3658381998538971
1991-01-01,1990,spe12_m_gdo_19910101_19911201_m,spe12_m_gdo_19910101_m_100_z01.tif,3,Shirak,0.396721214056015
1991-01-01,1990,spe12_m_gdo_19910101_19911201_m,spe12_m_gdo_19910101_m_100_z01.tif,4,Gegharkunik,0.039193086326122284
1991-01-01,1990,spe12_m_gdo_19910101_19911201_m,spe12_m_gdo_19910101_m_100_z01.tif,5,Vayots Dzor,-0.22932462394237518
1991-01-01,1990,spe12_m_gdo_19910101_19911201_m,spe12_m_gdo_19910101_m_100_z01.tif,6,Syunik,-0.5848440527915955
1991-01-01,1990,spe12_m_gdo_19910101_19911201_m,spe12_m_gdo_19910101_m_100_z01.tif,7,Ararat,-0.35314270853996277
1991-01-01,1990,spe12_m_gdo_19910101_19911201_m,spe12_m_gdo_19910101_m_100_z01.tif,8,Aragatsotn,0.15154904127120972
1991-01-01,1990,spe12_m_gdo_19910101_19911201_m,spe12_m_gdo_19910101_m_100_z01.tif,9,Armavir,-0.09668362140655518
1991-01-01,1990,spe12_m_gdo_19910101_19911201_m,spe12_m_gdo_19910101_m_100_z01.tif,10,Kotayk,0.07452751696109772
1991-01-01,1990,spe12_m_gdo_19910101_19911201_m,spe12_m_gdo_19910101_m_100_z01.tif,11,Yerevan,-0.3774834871292114
1992-01-01,1991,spe12_m_gdo_19920101_19921201_m,spe12_m_gdo_19920101_m_100_z01.tif,1,Tavush,-0.6597286462783813
1992-01-01,1991,spe12_m_gdo_19920101_19921201_m,spe12_m_gdo_19920101_m_100_z01.tif,2,Lori,-0.9825097918510437
1992-01-01,1991,spe12_m_gdo_19920101_19921201_m,spe12_m_gdo_19920101_m_100_z01.tif,3,Shirak,-0.5634469985961914
1992-01-01,1991,spe12_m_gdo_19920101_19921201_m,spe12_m_gdo_19920101_m_100_z01.tif,4,Gegharkunik,-0.1767050176858902
1992-01-01,1991,spe12_m_gdo_19920101_19921201_m,spe12_m_gdo_19920101_m_100_z01.tif,5,Vayots Dzor,0.7806691527366638
1992-01-01,1991,spe12_m_gdo_19920101_19921201_m,spe12_m_gdo_19920101_m_100_z01.tif,6,Syunik,0.05119386687874794
1992-01-01,1991,spe12_m_gdo_19920101_19921201_m,spe12_m_gdo_19920101_m_100_z01.tif,7,Ararat,0.12889616191387177
1992-01-01,1991,spe12_m_gdo_19920101_19921201_m,spe12_m_gdo_19920101_m_100_z01.tif,8,Aragatsotn,-0.010460048913955688
1992-01-01,1991,spe12_m_gdo_19920101_19921201_m,spe12_m_gdo_19920101_m_100_z01.tif,9,Armavir,0.06991294771432877
1992-01-01,1991,spe12_m_gdo_19920101_19921201_m,spe12_m_gdo_19920101_m_100_z01.tif,10,Kotayk,-0.18781781196594238
1992-01-01,1991,spe12_m_gdo_19920101_19921201_m,spe12_m_gdo_19920101_m_100_z01.tif,11,Yerevan,0.3222253620624542
1993-01-01,1992,spe12_m_gdo_19930101_19931201_m,spe12_m_gdo_19930101_m_100_z01.tif,1,Tavush,0.45618531107902527
1993-01-01,1992,spe12_m_gdo_19930101_19931201_m,spe12_m_gdo_19930101_m_100_z01.tif,2,Lori,0.25644776225090027
1993-01-01,1992,spe12_m_gdo_19930101_19931201_m,spe12_m_gdo_19930101_m_100_z01.tif,3,Shirak,0.43654271960258484
1993-01-01,1992,spe12_m_gdo_19930101_19931201_m,spe12_m_gdo_19930101_m_100_z01.tif,4,Gegharkunik,0.5681167840957642
1993-01-01,1992,spe12_m_gdo_19930101_19931201_m,spe12_m_gdo_19930101_m_100_z01.tif,5,Vayots Dzor,1.2779494524002075
1993-01-01,1992,spe12_m_gdo_19930101_19931201_m,spe12_m_gdo_19930101_m_100_z01.tif,6,Syunik,1.1788873672485352
1993-01-01,1992,spe12_m_gdo_19930101_19931201_m,spe12_m_gdo_19930101_m_100_z01.tif,7,Ararat,0.8958033323287964
1993-01-01,1992,spe12_m_gdo_19930101_19931201_m,spe12_m_gdo_19930101_m_100_z01.tif,8,Aragatsotn,0.3159042298793793
1993-01-01,1992,spe12_m_gdo_19930101_19931201_m,spe12_m_gdo_19930101_m_100_z01.tif,9,Armavir,1.1530174016952515
1993-01-01,1992,spe12_m_gdo_19930101_19931201_m,spe12_m_gdo_19930101_m_100_z01.tif,10,Kotayk,0.15586820244789124
1993-01-01,1992,spe12_m_gdo_19930101_19931201_m,spe12_m_gdo_19930101_m_100_z01.tif,11,Yerevan,0.977613627910614
1994-01-01,1993,spe12_m_gdo_19940101_19941201_m,spe12_m_gdo_19940101_m_100_z01.tif,1,Tavush,0.7508026957511902
1994-01-01,1993,spe12_m_gdo_19940101_19941201_m,spe12_m_gdo_19940101_m_100_z01.tif,2,Lori,0.45109617710113525
1994-01-01,1993,spe12_m_gdo_19940101_19941201_m,spe12_m_gdo_19940101_m_100_z01.tif,3,Shirak,0.16502775251865387
1994-01-01,1993,spe12_m_gdo_19940101_19941201_m,spe12_m_gdo_19940101_m_100_z01.tif,4,Gegharkunik,-0.1349668949842453
1994-01-01,1993,spe12_m_gdo_19940101_19941201_m,spe12_m_gdo_19940101_m_100_z01.tif,5,Vayots Dzor,1.0891026258468628
1994-01-01,1993,spe12_m_gdo_19940101_19941201_m,spe12_m_gdo_19940101_m_100_z01.tif,6,Syunik,1.0125932693481445
1994-01-01,1993,spe12_m_gdo_19940101_19941201_m,spe12_m_gdo_19940101_m_100_z01.tif,7,Ararat,0.7751702070236206
1994-01-01,1993,spe12_m_gdo_19940101_19941201_m,spe12_m_gdo_19940101_m_100_z01.tif,8,Aragatsotn,-0.03379203379154205
1994-01-01,1993,spe12_m_gdo_19940101_19941201_m,spe12_m_gdo_19940101_m_100_z01.tif,9,Armavir,0.7772290110588074
1994-01-01,1993,spe12_m_gdo_19940101_19941201_m,spe12_m_gdo_19940101_m_100_z01.tif,10,Kotayk,-0.1261134296655655
1994-01-01,1993,spe12_m_gdo_19940101_19941201_m,spe12_m_gdo_19940101_m_100_z01.tif,11,Yerevan,0.8499036431312561
1995-01-01,1994,spe12_m_gdo_19950101_19951201_m,spe12_m_gdo_19950101_m_100_z01.tif,1,Tavush,1.8340970277786255
1995-01-01,1994,spe12_m_gdo_19950101_19951201_m,spe12_m_gdo_19950101_m_100_z01.tif,2,Lori,0.9418806433677673
1995-01-01,1994,spe12_m_gdo_19950101_19951201_m,spe12_m_gdo_19950101_m_100_z01.tif,3,Shirak,0.16913773119449615
1995-01-01,1994,spe12_m_gdo_19950101_19951201_m,spe12_m_gdo_19950101_m_100_z01.tif,4,Gegharkunik,1.4716798067092896
1995-01-01,1994,spe12_m_gdo_19950101_19951201_m,spe12_m_gdo_19950101_m_100_z01.tif,5,Vayots Dzor,1.3785368204116821
1995-01-01,1994,spe12_m_gdo_19950101_19951201_m,spe12_m_gdo_19950101_m_100_z01.tif,6,Syunik,1.2218883037567139
1995-01-01,1994,spe12_m_gdo_19950101_19951201_m,spe12_m_gdo_19950101_m_100_z01.tif,7,Ararat,0.9704557061195374
1995-01-01,1994,spe12_m_gdo_19950101_19951201_m,spe12_m_gdo_19950101_m_100_z01.tif,8,Aragatsotn,0.23866266012191772
1995-01-01,1994,spe12_m_gdo_19950101_19951201_m,spe12_m_gdo_19950101_m_100_z01.tif,9,Armavir,0.8229355812072754
1995-01-01,1994,spe12_m_gdo_19950101_19951201_m,spe12_m_gdo_19950101_m_100_z01.tif,10,Kotayk,0.38141459226608276
1995-01-01,1994,spe12_m_gdo_19950101_19951201_m,spe12_m_gdo_19950101_m_100_z01.tif,11,Yerevan,0.8938871622085571
1996-01-01,1995,spe12_m_gdo_19960101_19961201_m,spe12_m_gdo_19960101_m_100_z01.tif,1,Tavush,-0.6748015284538269
1996-01-01,1995,spe12_m_gdo_19960101_19961201_m,spe12_m_gdo_19960101_m_100_z01.tif,2,Lori,-0.7572861313819885
1996-01-01,1995,spe12_m_gdo_19960101_19961201_m,spe12_m_gdo_19960101_m_100_z01.tif,3,Shirak,-0.7138634324073792
1996-01-01,1995,spe12_m_gdo_19960101_19961201_m,spe12_m_gdo_19960101_m_100_z01.tif,4,Gegharkunik,-1.0475515127182007
1996-01-01,1995,spe12_m_gdo_19960101_19961201_m,spe12_m_gdo_19960101_m_100_z01.tif,5,Vayots Dzor,-1.0883394479751587
1996-01-01,1995,spe12_m_gdo_19960101_19961201_m,spe12_m_gdo_19960101_m_100_z01.tif,6,Syunik,-1.0204123258590698
1996-01-01,1995,spe12_m_gdo_19960101_19961201_m,spe12_m_gdo_19960101_m_100_z01.tif,7,Ararat,-0.8214938044548035
1996-01-01,1995,spe12_m_gdo_19960101_19961201_m,spe12_m_gdo_19960101_m_100_z01.tif,8,Aragatsotn,-0.5784171223640442
1996-01-01,1995,spe12_m_gdo_19960101_19961201_m,spe12_m_gdo_19960101_m_100_z01.tif,9,Armavir,-0.33405598998069763
1996-01-01,1995,spe12_m_gdo_19960101_19961201_m,spe12_m_gdo_19960101_m_100_z01.tif,10,Kotayk,-0.7539451122283936
1996-01-01,1995,spe12_m_gdo_19960101_19961201_m,spe12_m_gdo_19960101_m_100_z01.tif,11,Yerevan,-0.5777509212493896
1997-01-01,1996,spe12_m_gdo_19970101_19971201_m,spe12_m_gdo_19970101_m_100_z01.tif,1,Tavush,-0.3751419484615326
1997-01-01,1996,spe12_m_gdo_19970101_19971201_m,spe12_m_gdo_19970101_m_100_z01.tif,2,Lori,-0.5787473320960999
1997-01-01,1996,spe12_m_gdo_19970101_19971201_m,spe12_m_gdo_19970101_m_100_z01.tif,3,Shirak,-0.38605114817619324
1997-01-01,1996,spe12_m_gdo_19970101_19971201_m,spe12_m_gdo_19970101_m_100_z01.tif,4,Gegharkunik,-1.1068010330200195
1997-01-01,1996,spe12_m_gdo_19970101_19971201_m,spe12_m_gdo_19970101_m_100_z01.tif,5,Vayots Dzor,-0.6853147149085999
1997-01-01,1996,spe12_m_gdo_19970101_19971201_m,spe12_m_gdo_19970101_m_100_z01.tif,6,Syunik,-0.8312265276908875
1997-01-01,1996,spe12_m_gdo_19970101_19971201_m,spe12_m_gdo_19970101_m_100_z01.tif,7,Ararat,-0.3745022416114807
1997-01-01,1996,spe12_m_gdo_19970101_19971201_m,spe12_m_gdo_19970101_m_100_z01.tif,8,Aragatsotn,-0.8240519165992737
1997-01-01,1996,spe12_m_gdo_19970101_19971201_m,spe12_m_gdo_19970101_m_100_z01.tif,9,Armavir,-0.3957824409008026
1997-01-01,1996,spe12_m_gdo_19970101_19971201_m,spe12_m_gdo_19970101_m_100_z01.tif,10,Kotayk,-0.8276236653327942
1997-01-01,1996,spe12_m_gdo_19970101_19971201_m,spe12_m_gdo_19970101_m_100_z01.tif,11,Yerevan,-0.43273797631263733
1998-01-01,1997,spe12_m_gdo_19980101_19981201_m,spe12_m_gdo_19980101_m_100_z01.tif,1,Tavush,0.24313569068908691
1998-01-01,1997,spe12_m_gdo_19980101_19981201_m,spe12_m_gdo_19980101_m_100_z01.tif,2,Lori,0.2596631348133087
1998-01-01,1997,spe12_m_gdo_19980101_19981201_m,spe12_m_gdo_19980101_m_100_z01.tif,3,Shirak,-0.4110727906227112
1998-01-01,1997,spe12_m_gdo_19980101_19981201_m,spe12_m_gdo_19980101_m_100_z01.tif,4,Gegharkunik,0.07498503476381302
1998-01-01,1997,spe12_m_gdo_19980101_19981201_m,spe12_m_gdo_19980101_m_100_z01.tif,5,Vayots Dzor,-0.16540852189064026
1998-01-01,1997,spe12_m_gdo_19980101_19981201_m,spe12_m_gdo_19980101_m_100_z01.tif,6,Syunik,0.31912195682525635
1998-01-01,1997,spe12_m_gdo_19980101_19981201_m,spe12_m_gdo_19980101_m_100_z01.tif,7,Ararat,-0.09954879432916641
1998-01-01,1997,spe12_m_gdo_19980101_19981201_m,spe12_m_gdo_19980101_m_100_z01.tif,8,Aragatsotn,-0.434518426656723
1998-01-01,1997,spe12_m_gdo_19980101_19981201_m,spe12_m_gdo_19980101_m_100_z01.tif,9,Armavir,-0.27640900015830994
1998-01-01,1997,spe12_m_gdo_19980101_19981201_m,spe12_m_gdo_19980101_m_100_z01.tif,10,Kotayk,-0.38494959473609924
1998-01-01,1997,spe12_m_gdo_19980101_19981201_m,spe12_m_gdo_19980101_m_100_z01.tif,11,Yerevan,-0.05312691628932953
1999-01-01,1998,spe12_m_gdo_19990101_19991201_m,spe12_m_gdo_19990101_m_100_z01.tif,1,Tavush,-1.765876054763794
1999-01-01,1998,spe12_m_gdo_19990101_19991201_m,spe12_m_gdo_19990101_m_100_z01.tif,2,Lori,-1.4314831495285034
1999-01-01,1998,spe12_m_gdo_19990101_19991201_m,spe12_m_gdo_19990101_m_100_z01.tif,3,Shirak,-1.0872763395309448
1999-01-01,1998,spe12_m_gdo_19990101_19991201_m,spe12_m_gdo_19990101_m_100_z01.tif,4,Gegharkunik,-1.5719540119171143
1999-01-01,1998,spe12_m_gdo_19990101_19991201_m,spe12_m_gdo_19990101_m_100_z01.tif,5,Vayots Dzor,-1.5615102052688599
1999-01-01,1998,spe12_m_gdo_19990101_19991201_m,spe12_m_gdo_19990101_m_100_z01.tif,6,Syunik,-1.3754591941833496
1999-01-01,1998,spe12_m_gdo_19990101_19991201_m,spe12_m_gdo_19990101_m_100_z01.tif,7,Ararat,-1.3753358125686646
1999-01-01,1998,spe12_m_gdo_19990101_19991201_m,spe12_m_gdo_19990101_m_100_z01.tif,8,Aragatsotn,-1.0206589698791504
1999-01-01,1998,spe12_m_gdo_19990101_19991201_m,spe12_m_gdo_19990101_m_100_z01.tif,9,Armavir,-1.1416085958480835
1999-01-01,1998,spe12_m_gdo_19990101_19991201_m,spe12_m_gdo_19990101_m_100_z01.tif,10,Kotayk,-1.3606328964233398
1999-01-01,1998,spe12_m_gdo_19990101_19991201_m,spe12_m_gdo_19990101_m_100_z01.tif,11,Yerevan,-1.4016717672348022
2000-01-01,1999,spe12_m_gdo_20000101_20001201_m,spe12_m_gdo_20000101_m_100_z01.tif,1,Tavush,0.21457339823246002
2000-01-01,1999,spe12_m_gdo_20000101_20001201_m,spe12_m_gdo_20000101_m_100_z01.tif,2,Lori,0.850144624710083
2000-01-01,1999,spe12_m_gdo_20000101_20001201_m,spe12_m_gdo_20000101_m_100_z01.tif,3,Shirak,0.9083156585693359
2000-01-01,1999,spe12_m_gdo_20000101_20001201_m,spe12_m_gdo_20000101_m_100_z01.tif,4,Gegharkunik,0.5856388211250305
2000-01-01,1999,spe12_m_gdo_20000101_20001201_m,spe12_m_gdo_20000101_m_100_z01.tif,5,Vayots Dzor,-0.5586530566215515
2000-01-01,1999,spe12_m_gdo_20000101_20001201_m,spe12_m_gdo_20000101_m_100_z01.tif,6,Syunik,-0.14409451186656952
2000-01-01,1999,spe12_m_gdo_20000101_20001201_m,spe12_m_gdo_20000101_m_100_z01.tif,7,Ararat,-0.07471231371164322
2000-01-01,1999,spe12_m_gdo_20000101_20001201_m,spe12_m_gdo_20000101_m_100_z01.tif,8,Aragatsotn,0.6147855520248413
2000-01-01,1999,spe12_m_gdo_20000101_20001201_m,spe12_m_gdo_20000101_m_100_z01.tif,9,Armavir,-0.007328242063522339
2000-01-01,1999,spe12_m_gdo_20000101_20001201_m,spe12_m_gdo_20000101_m_100_z01.tif,10,Kotayk,0.8953132033348083
2000-01-01,1999,spe12_m_gdo_20000101_20001201_m,spe12_m_gdo_20000101_m_100_z01.tif,11,Yerevan,-0.11586073786020279
2001-01-01,2000,spe12_m_gdo_20010101_20011201_m,spe12_m_gdo_20010101_m_100_z01.tif,1,Tavush,-1.6180953979492188
2001-01-01,2000,spe12_m_gdo_20010101_20011201_m,spe12_m_gdo_20010101_m_100_z01.tif,2,Lori,-1.8838319778442383
2001-01-01,2000,spe12_m_gdo_20010101_20011201_m,spe12_m_gdo_20010101_m_100_z01.tif,3,Shirak,-2.0588788986206055
2001-01-01,2000,spe12_m_gdo_20010101_20011201_m,spe12_m_gdo_20010101_m_100_z01.tif,4,Gegharkunik,-1.514979362487793
2001-01-01,2000,spe12_m_gdo_20010101_20011201_m,spe12_m_gdo_20010101_m_100_z01.tif,5,Vayots Dzor,-1.7606724500656128
2001-01-01,2000,spe12_m_gdo_20010101_20011201_m,spe12_m_gdo_20010101_m_100_z01.tif,6,Syunik,-1.3187072277069092
2001-01-01,2000,spe12_m_gdo_20010101_20011201_m,spe12_m_gdo_20010101_m_100_z01.tif,7,Ararat,-1.9653948545455933
2001-01-01,2000,spe12_m_gdo_20010101_20011201_m,spe12_m_gdo_20010101_m_100_z01.tif,8,Aragatsotn,-2.1479854583740234
2001-01-01,2000,spe12_m_gdo_20010101_20011201_m,spe12_m_gdo_20010101_m_100_z01.tif,9,Armavir,-1.9368350505828857
2001-01-01,2000,spe12_m_gdo_20010101_20011201_m,spe12_m_gdo_20010101_m_100_z01.tif,10,Kotayk,-2.02858829498291
2001-01-01,2000,spe12_m_gdo_20010101_20011201_m,spe12_m_gdo_20010101_m_100_z01.tif,11,Yerevan,-1.995239019393921
2002-01-01,2001,spe12_m_gdo_20020101_20021201_m,spe12_m_gdo_20020101_m_100_z01.tif,1,Tavush,-1.022546410560608
2002-01-01,2001,spe12_m_gdo_20020101_20021201_m,spe12_m_gdo_20020101_m_100_z01.tif,2,Lori,-1.1756502389907837
2002-01-01,2001,spe12_m_gdo_20020101_20021201_m,spe12_m_gdo_20020101_m_100_z01.tif,3,Shirak,-0.7523500323295593
2002-01-01,2001,spe12_m_gdo_20020101_20021201_m,spe12_m_gdo_20020101_m_100_z01.tif,4,Gegharkunik,-0.4974590241909027
2002-01-01,2001,spe12_m_gdo_20020101_20021201_m,spe12_m_gdo_20020101_m_100_z01.tif,5,Vayots Dzor,-0.3989107608795166
2002-01-01,2001,spe12_m_gdo_20020101_20021201_m,spe12_m_gdo_20020101_m_100_z01.tif,6,Syunik,-0.7964507937431335
2002-01-01,2001,spe12_m_gdo_20020101_20021201_m,spe12_m_gdo_20020101_m_100_z01.tif,7,Ararat,-0.681070864200592
2002-01-01,2001,spe12_m_gdo_20020101_20021201_m,spe12_m_gdo_20020101_m_100_z01.tif,8,Aragatsotn,-0.6398056149482727
2002-01-01,2001,spe12_m_gdo_20020101_20021201_m,spe12_m_gdo_20020101_m_100_z01.tif,9,Armavir,-0.7958977222442627
2002-01-01,2001,spe12_m_gdo_20020101_20021201_m,spe12_m_gdo_20020101_m_100_z01.tif,10,Kotayk,-0.4158540368080139
2002-01-01,2001,spe12_m_gdo_20020101_20021201_m,spe12_m_gdo_20020101_m_100_z01.tif,11,Yerevan,-0.3936927318572998
2003-01-01,2002,spe12_m_gdo_20030101_20031201_m,spe12_m_gdo_20030101_m_100_z01.tif,1,Tavush,1.1588551998138428
2003-01-01,2002,spe12_m_gdo_20030101_20031201_m,spe12_m_gdo_20030101_m_100_z01.tif,2,Lori,1.5363308191299438
2003-01-01,2002,spe12_m_gdo_20030101_20031201_m,spe12_m_gdo_20030101_m_100_z01.tif,3,Shirak,1.2560714483261108
2003-01-01,2002,spe12_m_gdo_20030101_20031201_m,spe12_m_gdo_20030101_m_100_z01.tif,4,Gegharkunik,1.1547558307647705
2003-01-01,2002,spe12_m_gdo_20030101_20031201_m,spe12_m_gdo_20030101_m_100_z01.tif,5,Vayots Dzor,1.0407925844192505
2003-01-01,2002,spe12_m_gdo_20030101_20031201_m,spe12_m_gdo_20030101_m_100_z01.tif,6,Syunik,0.8662875294685364
2003-01-01,2002,spe12_m_gdo_20030101_20031201_m,spe12_m_gdo_20030101_m_100_z01.tif,7,Ararat,1.1616861820220947
2003-01-01,2002,spe12_m_gdo_20030101_20031201_m,spe12_m_gdo_20030101_m_100_z01.tif,8,Aragatsotn,1.2711668014526367
2003-01-01,2002,spe12_m_gdo_20030101_20031201_m,spe12_m_gdo_20030101_m_100_z01.tif,9,Armavir,1.099743127822876
2003-01-01,2002,spe12_m_gdo_20030101_20031201_m,spe12_m_gdo_20030101_m_100_z01.tif,10,Kotayk,1.0786676406860352
2003-01-01,2002,spe12_m_gdo_20030101_20031201_m,spe12_m_gdo_20030101_m_100_z01.tif,11,Yerevan,1.0831108093261719
2004-01-01,2003,spe12_m_gdo_20040101_20041201_m,spe12_m_gdo_20040101_m_100_z01.tif,1,Tavush,0.7496197819709778
2004-01-01,2003,spe12_m_gdo_20040101_20041201_m,spe12_m_gdo_20040101_m_100_z01.tif,2,Lori,0.3602958917617798
2004-01-01,2003,spe12_m_gdo_20040101_20041201_m,spe12_m_gdo_20040101_m_100_z01.tif,3,Shirak,0.8642696738243103
2004-01-01,2003,spe12_m_gdo_20040101_20041201_m,spe12_m_gdo_20040101_m_100_z01.tif,4,Gegharkunik,1.1827987432479858
2004-01-01,2003,spe12_m_gdo_20040101_20041201_m,spe12_m_gdo_20040101_m_100_z01.tif,5,Vayots Dzor,1.2929565906524658
2004-01-01,2003,spe12_m_gdo_20040101_20041201_m,spe12_m_gdo_20040101_m_100_z01.tif,6,Syunik,1.424798607826233
2004-01-01,2003,spe12_m_gdo_20040101_20041201_m,spe12_m_gdo_20040101_m_100_z01.tif,7,Ararat,1.378835678100586
2004-01-01,2003,spe12_m_gdo_20040101_20041201_m,spe12_m_gdo_20040101_m_100_z01.tif,8,Aragatsotn,0.8212594389915466
2004-01-01,2003,spe12_m_gdo_20040101_20041201_m,spe12_m_gdo_20040101_m_100_z01.tif,9,Armavir,1.2241029739379883
2004-01-01,2003,spe12_m_gdo_20040101_20041201_m,spe12_m_gdo_20040101_m_100_z01.tif,10,Kotayk,1.0476934909820557
2004-01-01,2003,spe12_m_gdo_20040101_20041201_m,spe12_m_gdo_20040101_m_100_z01.tif,11,Yerevan,1.3246588706970215
2005-01-01,2004,spe12_m_gdo_20050101_20051201_m,spe12_m_gdo_20050101_m_100_z01.tif,1,Tavush,-0.3707028031349182
2005-01-01,2004,spe12_m_gdo_20050101_20051201_m,spe12_m_gdo_20050101_m_100_z01.tif,2,Lori,-0.3179364800453186
2005-01-01,2004,spe12_m_gdo_20050101_20051201_m,spe12_m_gdo_20050101_m_100_z01.tif,3,Shirak,-0.00420813774690032
2005-01-01,2004,spe12_m_gdo_20050101_20051201_m,spe12_m_gdo_20050101_m_100_z01.tif,4,Gegharkunik,0.30091995000839233
2005-01-01,2004,spe12_m_gdo_20050101_20051201_m,spe12_m_gdo_20050101_m_100_z01.tif,5,Vayots Dzor,0.1813838928937912
2005-01-01,2004,spe12_m_gdo_20050101_20051201_m,spe12_m_gdo_20050101_m_100_z01.tif,6,Syunik,0.6580783724784851
2005-01-01,2004,spe12_m_gdo_20050101_20051201_m,spe12_m_gdo_20050101_m_100_z01.tif,7,Ararat,0.19598093628883362
2005-01-01,2004,spe12_m_gdo_20050101_20051201_m,spe12_m_gdo_20050101_m_100_z01.tif,8,Aragatsotn,-0.09442227333784103
2005-01-01,2004,spe12_m_gdo_20050101_20051201_m,spe12_m_gdo_20050101_m_100_z01.tif,9,Armavir,0.7696155309677124
2005-01-01,2004,spe12_m_gdo_20050101_20051201_m,spe12_m_gdo_20050101_m_100_z01.tif,10,Kotayk,-0.11773157864809036
2005-01-01,2004,spe12_m_gdo_20050101_20051201_m,spe12_m_gdo_20050101_m_100_z01.tif,11,Yerevan,0.28570207953453064
2006-01-01,2005,spe12_m_gdo_20060101_20061201_m,spe12_m_gdo_20060101_m_100_z01.tif,1,Tavush,1.2229715585708618
2006-01-01,2005,spe12_m_gdo_20060101_20061201_m,spe12_m_gdo_20060101_m_100_z01.tif,2,Lori,1.651049256324768
2006-01-01,2005,spe12_m_gdo_20060101_20061201_m,spe12_m_gdo_20060101_m_100_z01.tif,3,Shirak,1.6563249826431274
2006-01-01,2005,spe12_m_gdo_20060101_20061201_m,spe12_m_gdo_20060101_m_100_z01.tif,4,Gegharkunik,0.8213653564453125
2006-01-01,2005,spe12_m_gdo_20060101_20061201_m,spe12_m_gdo_20060101_m_100_z01.tif,5,Vayots Dzor,0.25138339400291443
2006-01-01,2005,spe12_m_gdo_20060101_20061201_m,spe12_m_gdo_20060101_m_100_z01.tif,6,Syunik,-0.23645365238189697
2006-01-01,2005,spe12_m_gdo_20060101_20061201_m,spe12_m_gdo_20060101_m_100_z01.tif,7,Ararat,0.8168016672134399
2006-01-01,2005,spe12_m_gdo_20060101_20061201_m,spe12_m_gdo_20060101_m_100_z01.tif,8,Aragatsotn,1.4796078205108643
2006-01-01,2005,spe12_m_gdo_20060101_20061201_m,spe12_m_gdo_20060101_m_100_z01.tif,9,Armavir,1.3218077421188354
2006-01-01,2005,spe12_m_gdo_20060101_20061201_m,spe12_m_gdo_20060101_m_100_z01.tif,10,Kotayk,1.2796443700790405
2006-01-01,2005,spe12_m_gdo_20060101_20061201_m,spe12_m_gdo_20060101_m_100_z01.tif,11,Yerevan,1.2198829650878906
2007-01-01,2006,spe12_m_gdo_20070101_20071201_m,spe12_m_gdo_20070101_m_100_z01.tif,1,Tavush,-0.7657931447029114
2007-01-01,2006,spe12_m_gdo_20070101_20071201_m,spe12_m_gdo_20070101_m_100_z01.tif,2,Lori,-1.1597908735275269
2007-01-01,2006,spe12_m_gdo_20070101_20071201_m,spe12_m_gdo_20070101_m_100_z01.tif,3,Shirak,-0.49125856161117554
2007-01-01,2006,spe12_m_gdo_20070101_20071201_m,spe12_m_gdo_20070101_m_100_z01.tif,4,Gegharkunik,-0.905185341835022
2007-01-01,2006,spe12_m_gdo_20070101_20071201_m,spe12_m_gdo_20070101_m_100_z01.tif,5,Vayots Dzor,0.0005405812407843769
2007-01-01,2006,spe12_m_gdo_20070101_20071201_m,spe12_m_gdo_20070101_m_100_z01.tif,6,Syunik,-1.5211461782455444
2007-01-01,2006,spe12_m_gdo_20070101_20071201_m,spe12_m_gdo_20070101_m_100_z01.tif,7,Ararat,-0.08839555829763412
2007-01-01,2006,spe12_m_gdo_20070101_20071201_m,spe12_m_gdo_20070101_m_100_z01.tif,8,Aragatsotn,-0.5310760140419006
2007-01-01,2006,spe12_m_gdo_20070101_20071201_m,spe12_m_gdo_20070101_m_100_z01.tif,9,Armavir,-0.5729957818984985
2007-01-01,2006,spe12_m_gdo_20070101_20071201_m,spe12_m_gdo_20070101_m_100_z01.tif,10,Kotayk,-0.41584721207618713
2007-01-01,2006,spe12_m_gdo_20070101_20071201_m,spe12_m_gdo_20070101_m_100_z01.tif,11,Yerevan,-0.5828990936279297
2008-01-01,2007,spe12_m_gdo_20080101_20081201_m,spe12_m_gdo_20080101_m_100_z01.tif,1,Tavush,1.4803674221038818
2008-01-01,2007,spe12_m_gdo_20080101_20081201_m,spe12_m_gdo_20080101_m_100_z01.tif,2,Lori,1.3617151975631714
2008-01-01,2007,spe12_m_gdo_20080101_20081201_m,spe12_m_gdo_20080101_m_100_z01.tif,3,Shirak,1.2046791315078735
2008-01-01,2007,spe12_m_gdo_20080101_20081201_m,spe12_m_gdo_20080101_m_100_z01.tif,4,Gegharkunik,0.9752907752990723
2008-01-01,2007,spe12_m_gdo_20080101_20081201_m,spe12_m_gdo_20080101_m_100_z01.tif,5,Vayots Dzor,0.9042184352874756
2008-01-01,2007,spe12_m_gdo_20080101_20081201_m,spe12_m_gdo_20080101_m_100_z01.tif,6,Syunik,0.492659330368042
2008-01-01,2007,spe12_m_gdo_20080101_20081201_m,spe12_m_gdo_20080101_m_100_z01.tif,7,Ararat,0.9082550406455994
2008-01-01,2007,spe12_m_gdo_20080101_20081201_m,spe12_m_gdo_20080101_m_100_z01.tif,8,Aragatsotn,1.56464421749115
2008-01-01,2007,spe12_m_gdo_20080101_20081201_m,spe12_m_gdo_20080101_m_100_z01.tif,9,Armavir,1.2756719589233398
2008-01-01,2007,spe12_m_gdo_20080101_20081201_m,spe12_m_gdo_20080101_m_100_z01.tif,10,Kotayk,1.352378010749817
2008-01-01,2007,spe12_m_gdo_20080101_20081201_m,spe12_m_gdo_20080101_m_100_z01.tif,11,Yerevan,1.0414506196975708
2009-01-01,2008,spe12_m_gdo_20090101_20091201_m,spe12_m_gdo_20090101_m_100_z01.tif,1,Tavush,-0.41031885147094727
2009-01-01,2008,spe12_m_gdo_20090101_20091201_m,spe12_m_gdo_20090101_m_100_z01.tif,2,Lori,-0.4475714862346649
2009-01-01,2008,spe12_m_gdo_20090101_20091201_m,spe12_m_gdo_20090101_m_100_z01.tif,3,Shirak,-1.0682975053787231
2009-01-01,2008,spe12_m_gdo_20090101_20091201_m,spe12_m_gdo_20090101_m_100_z01.tif,4,Gegharkunik,-0.09880683571100235
2009-01-01,2008,spe12_m_gdo_20090101_20091201_m,spe12_m_gdo_20090101_m_100_z01.tif,5,Vayots Dzor,-1.3135590553283691
2009-01-01,2008,spe12_m_gdo_20090101_20091201_m,spe12_m_gdo_20090101_m_100_z01.tif,6,Syunik,-0.34333157539367676
2009-01-01,2008,spe12_m_gdo_20090101_20091201_m,spe12_m_gdo_20090101_m_100_z01.tif,7,Ararat,-1.5169991254806519
2009-01-01,2008,spe12_m_gdo_20090101_20091201_m,spe12_m_gdo_20090101_m_100_z01.tif,8,Aragatsotn,-1.0221953392028809
2009-01-01,2008,spe12_m_gdo_20090101_20091201_m,spe12_m_gdo_20090101_m_100_z01.tif,9,Armavir,-1.3049428462982178
2009-01-01,2008,spe12_m_gdo_20090101_20091201_m,spe12_m_gdo_20090101_m_100_z01.tif,10,Kotayk,-0.8240728378295898
2009-01-01,2008,spe12_m_gdo_20090101_20091201_m,spe12_m_gdo_20090101_m_100_z01.tif,11,Yerevan,-1.3229546546936035
2010-01-01,2009,spe12_m_gdo_20100101_20101201_m,spe12_m_gdo_20100101_m_100_z01.tif,1,Tavush,0.7900491952896118
2010-01-01,2009,spe12_m_gdo_20100101_20101201_m,spe12_m_gdo_20100101_m_100_z01.tif,2,Lori,0.8218672871589661
2010-01-01,2009,spe12_m_gdo_20100101_20101201_m,spe12_m_gdo_20100101_m_100_z01.tif,3,Shirak,1.6656708717346191
2010-01-01,2009,spe12_m_gdo_20100101_20101201_m,spe12_m_gdo_20100101_m_100_z01.tif,4,Gegharkunik,1.8515293598175049
2010-01-01,2009,spe12_m_gdo_20100101_20101201_m,spe12_m_gdo_20100101_m_100_z01.tif,5,Vayots Dzor,2.005676746368408
2010-01-01,2009,spe12_m_gdo_20100101_20101201_m,spe12_m_gdo_20100101_m_100_z01.tif,6,Syunik,1.6267563104629517
2010-01-01,2009,spe12_m_gdo_20100101_20101201_m,spe12_m_gdo_20100101_m_100_z01.tif,7,Ararat,2.094633102416992
2010-01-01,2009,spe12_m_gdo_20100101_20101201_m,spe12_m_gdo_20100101_m_100_z01.tif,8,Aragatsotn,2.067815065383911
2010-01-01,2009,spe12_m_gdo_20100101_20101201_m,spe12_m_gdo_20100101_m_100_z01.tif,9,Armavir,1.8230335712432861
2010-01-01,2009,spe12_m_gdo_20100101_20101201_m,spe12_m_gdo_20100101_m_100_z01.tif,10,Kotayk,2.14271879196167
2010-01-01,2009,spe12_m_gdo_20100101_20101201_m,spe12_m_gdo_20100101_m_100_z01.tif,11,Yerevan,2.205240488052368
2011-01-01,2010,spe12_m_gdo_20110101_20111201_m,spe12_m_gdo_20110101_m_100_z01.tif,1,Tavush,0.45465749502182007
2011-01-01,2010,spe12_m_gdo_20110101_20111201_m,spe12_m_gdo_20110101_m_100_z01.tif,2,Lori,-0.1590547114610672
2011-01-01,2010,spe12_m_gdo_20110101_20111201_m,spe12_m_gdo_20110101_m_100_z01.tif,3,Shirak,-0.09634033590555191
2011-01-01,2010,spe12_m_gdo_20110101_20111201_m,spe12_m_gdo_20110101_m_100_z01.tif,4,Gegharkunik,-0.3584246039390564
2011-01-01,2010,spe12_m_gdo_20110101_20111201_m,spe12_m_gdo_20110101_m_100_z01.tif,5,Vayots Dzor,-0.26348674297332764
2011-01-01,2010,spe12_m_gdo_20110101_20111201_m,spe12_m_gdo_20110101_m_100_z01.tif,6,Syunik,-0.13767117261886597
2011-01-01,2010,spe12_m_gdo_20110101_20111201_m,spe12_m_gdo_20110101_m_100_z01.tif,7,Ararat,-0.15225759148597717
2011-01-01,2010,spe12_m_gdo_20110101_20111201_m,spe12_m_gdo_20110101_m_100_z01.tif,8,Aragatsotn,0.048987921327352524
2011-01-01,2010,spe12_m_gdo_20110101_20111201_m,spe12_m_gdo_20110101_m_100_z01.tif,9,Armavir,0.3412148952484131
2011-01-01,2010,spe12_m_gdo_20110101_20111201_m,spe12_m_gdo_20110101_m_100_z01.tif,10,Kotayk,-0.18058618903160095
2011-01-01,2010,spe12_m_gdo_20110101_20111201_m,spe12_m_gdo_20110101_m_100_z01.tif,11,Yerevan,-0.05366453155875206
2012-01-01,2011,spe12_m_gdo_20120101_20121201_m,spe12_m_gdo_20120101_m_100_z01.tif,1,Tavush,1.259313702583313
2012-01-01,2011,spe12_m_gdo_20120101_20121201_m,spe12_m_gdo_20120101_m_100_z01.tif,2,Lori,0.9478153586387634
2012-01-01,2011,spe12_m_gdo_20120101_20121201_m,spe12_m_gdo_20120101_m_100_z01.tif,3,Shirak,0.6955766677856445
2012-01-01,2011,spe12_m_gdo_20120101_20121201_m,spe12_m_gdo_20120101_m_100_z01.tif,4,Gegharkunik,0.762954831123352
2012-01-01,2011,spe12_m_gdo_20120101_20121201_m,spe12_m_gdo_20120101_m_100_z01.tif,5,Vayots Dzor,0.6763647198677063
2012-01-01,2011,spe12_m_gdo_20120101_20121201_m,spe12_m_gdo_20120101_m_100_z01.tif,6,Syunik,1.113904356956482
2012-01-01,2011,spe12_m_gdo_20120101_20121201_m,spe12_m_gdo_20120101_m_100_z01.tif,7,Ararat,0.5422312021255493
2012-01-01,2011,spe12_m_gdo_20120101_20121201_m,spe12_m_gdo_20120101_m_100_z01.tif,8,Aragatsotn,0.6113834381103516
2012-01-01,2011,spe12_m_gdo_20120101_20121201_m,spe12_m_gdo_20120101_m_100_z01.tif,9,Armavir,0.7103602886199951
2012-01-01,2011,spe12_m_gdo_20120101_20121201_m,spe12_m_gdo_20120101_m_100_z01.tif,10,Kotayk,0.7300985455513
2012-01-01,2011,spe12_m_gdo_20120101_20121201_m,spe12_m_gdo_20120101_m_100_z01.tif,11,Yerevan,0.5604392290115356
2013-01-01,2012,spe12_m_gdo_20130101_20131201_m,spe12_m_gdo_20130101_m_100_z01.tif,1,Tavush,-0.23333176970481873
2013-01-01,2012,spe12_m_gdo_20130101_20131201_m,spe12_m_gdo_20130101_m_100_z01.tif,2,Lori,0.1574467271566391
2013-01-01,2012,spe12_m_gdo_20130101_20131201_m,spe12_m_gdo_20130101_m_100_z01.tif,3,Shirak,-0.42124223709106445
2013-01-01,2012,spe12_m_gdo_20130101_20131201_m,spe12_m_gdo_20130101_m_100_z01.tif,4,Gegharkunik,-0.08619385957717896
2013-01-01,2012,spe12_m_gdo_20130101_20131201_m,spe12_m_gdo_20130101_m_100_z01.tif,5,Vayots Dzor,0.1393367499113083
2013-01-01,2012,spe12_m_gdo_20130101_20131201_m,spe12_m_gdo_20130101_m_100_z01.tif,6,Syunik,0.16352525353431702
2013-01-01,2012,spe12_m_gdo_20130101_20131201_m,spe12_m_gdo_20130101_m_100_z01.tif,7,Ararat,0.1572037935256958
2013-01-01,2012,spe12_m_gdo_20130101_20131201_m,spe12_m_gdo_20130101_m_100_z01.tif,8,Aragatsotn,0.3163858950138092
2013-01-01,2012,spe12_m_gdo_20130101_20131201_m,spe12_m_gdo_20130101_m_100_z01.tif,9,Armavir,-0.6513678431510925
2013-01-01,2012,spe12_m_gdo_20130101_20131201_m,spe12_m_gdo_20130101_m_100_z01.tif,10,Kotayk,0.3950668275356293
2013-01-01,2012,spe12_m_gdo_20130101_20131201_m,spe12_m_gdo_20130101_m_100_z01.tif,11,Yerevan,-0.20184394717216492
2014-01-01,2013,spe12_m_gdo_20140101_20141201_m,spe12_m_gdo_20140101_m_100_z01.tif,1,Tavush,-0.4665677845478058
2014-01-01,2013,spe12_m_gdo_20140101_20141201_m,spe12_m_gdo_20140101_m_100_z01.tif,2,Lori,-0.6627512574195862
2014-01-01,2013,spe12_m_gdo_20140101_20141201_m,spe12_m_gdo_20140101_m_100_z01.tif,3,Shirak,-1.0483001470565796
2014-01-01,2013,spe12_m_gdo_20140101_20141201_m,spe12_m_gdo_20140101_m_100_z01.tif,4,Gegharkunik,0.22272972762584686
2014-01-01,2013,spe12_m_gdo_20140101_20141201_m,spe12_m_gdo_20140101_m_100_z01.tif,5,Vayots Dzor,0.016756711527705193
2014-01-01,2013,spe12_m_gdo_20140101_20141201_m,spe12_m_gdo_20140101_m_100_z01.tif,6,Syunik,0.19116175174713135
2014-01-01,2013,spe12_m_gdo_20140101_20141201_m,spe12_m_gdo_20140101_m_100_z01.tif,7,Ararat,-0.5481229424476624
2014-01-01,2013,spe12_m_gdo_20140101_20141201_m,spe12_m_gdo_20140101_m_100_z01.tif,8,Aragatsotn,-0.6785112619400024
2014-01-01,2013,spe12_m_gdo_20140101_20141201_m,spe12_m_gdo_20140101_m_100_z01.tif,9,Armavir,-0.7671911716461182
2014-01-01,2013,spe12_m_gdo_20140101_20141201_m,spe12_m_gdo_20140101_m_100_z01.tif,10,Kotayk,-0.4426673352718353
2014-01-01,2013,spe12_m_gdo_20140101_20141201_m,spe12_m_gdo_20140101_m_100_z01.tif,11,Yerevan,-0.40981632471084595
2015-01-01,2014,spe12_m_gdo_20150101_20151201_m,spe12_m_gdo_20150101_m_100_z01.tif,1,Tavush,-0.5894001722335815
2015-01-01,2014,spe12_m_gdo_20150101_20151201_m,spe12_m_gdo_20150101_m_100_z01.tif,2,Lori,-0.03584204241633415
2015-01-01,2014,spe12_m_gdo_20150101_20151201_m,spe12_m_gdo_20150101_m_100_z01.tif,3,Shirak,-0.18626759946346283
2015-01-01,2014,spe12_m_gdo_20150101_20151201_m,spe12_m_gdo_20150101_m_100_z01.tif,4,Gegharkunik,-0.9440186619758606
2015-01-01,2014,spe12_m_gdo_20150101_20151201_m,spe12_m_gdo_20150101_m_100_z01.tif,5,Vayots Dzor,-1.0020934343338013
2015-01-01,2014,spe12_m_gdo_20150101_20151201_m,spe12_m_gdo_20150101_m_100_z01.tif,6,Syunik,-0.6119552850723267
2015-01-01,2014,spe12_m_gdo_20150101_20151201_m,spe12_m_gdo_20150101_m_100_z01.tif,7,Ararat,-0.9124779105186462
2015-01-01,2014,spe12_m_gdo_20150101_20151201_m,spe12_m_gdo_20150101_m_100_z01.tif,8,Aragatsotn,-0.5535502433776855
2015-01-01,2014,spe12_m_gdo_20150101_20151201_m,spe12_m_gdo_20150101_m_100_z01.tif,9,Armavir,-1.022477388381958
2015-01-01,2014,spe12_m_gdo_20150101_20151201_m,spe12_m_gdo_20150101_m_100_z01.tif,10,Kotayk,-0.8078866600990295
2015-01-01,2014,spe12_m_gdo_20150101_20151201_m,spe12_m_gdo_20150101_m_100_z01.tif,11,Yerevan,-1.2073643207550049
2016-01-01,2015,spe12_m_gdo_20160101_20161201_m,spe12_m_gdo_20160101_m_100_z01.tif,1,Tavush,0.27399033308029175
2016-01-01,2015,spe12_m_gdo_20160101_20161201_m,spe12_m_gdo_20160101_m_100_z01.tif,2,Lori,0.7197210788726807
2016-01-01,2015,spe12_m_gdo_20160101_20161201_m,spe12_m_gdo_20160101_m_100_z01.tif,3,Shirak,1.116222620010376
2016-01-01,2015,spe12_m_gdo_20160101_20161201_m,spe12_m_gdo_20160101_m_100_z01.tif,4,Gegharkunik,0.07176753878593445
2016-01-01,2015,spe12_m_gdo_20160101_20161201_m,spe12_m_gdo_20160101_m_100_z01.tif,5,Vayots Dzor,0.4890667498111725
2016-01-01,2015,spe12_m_gdo_20160101_20161201_m,spe12_m_gdo_20160101_m_100_z01.tif,6,Syunik,0.43775448203086853
2016-01-01,2015,spe12_m_gdo_20160101_20161201_m,spe12_m_gdo_20160101_m_100_z01.tif,7,Ararat,1.1950973272323608
2016-01-01,2015,spe12_m_gdo_20160101_20161201_m,spe12_m_gdo_20160101_m_100_z01.tif,8,Aragatsotn,0.7524986267089844
2016-01-01,2015,spe12_m_gdo_20160101_20161201_m,spe12_m_gdo_20160101_m_100_z01.tif,9,Armavir,0.9087787866592407
2016-01-01,2015,spe12_m_gdo_20160101_20161201_m,spe12_m_gdo_20160101_m_100_z01.tif,10,Kotayk,0.7287394404411316
2016-01-01,2015,spe12_m_gdo_20160101_20161201_m,spe12_m_gdo_20160101_m_100_z01.tif,11,Yerevan,1.0159409046173096
2017-01-01,2016,spe12_m_gdo_20170101_20171201_m,spe12_m_gdo_20170101_m_100_z01.tif,1,Tavush,0.8465055823326111
2017-01-01,2016,spe12_m_gdo_20170101_20171201_m,spe12_m_gdo_20170101_m_100_z01.tif,2,Lori,1.3287091255187988
2017-01-01,2016,spe12_m_gdo_20170101_20171201_m,spe12_m_gdo_20170101_m_100_z01.tif,3,Shirak,0.7868322730064392
2017-01-01,2016,spe12_m_gdo_20170101_20171201_m,spe12_m_gdo_20170101_m_100_z01.tif,4,Gegharkunik,0.9912467002868652
2017-01-01,2016,spe12_m_gdo_20170101_20171201_m,spe12_m_gdo_20170101_m_100_z01.tif,5,Vayots Dzor,-0.03880276158452034
2017-01-01,2016,spe12_m_gdo_20170101_20171201_m,spe12_m_gdo_20170101_m_100_z01.tif,6,Syunik,1.1689302921295166
2017-01-01,2016,spe12_m_gdo_20170101_20171201_m,spe12_m_gdo_20170101_m_100_z01.tif,7,Ararat,0.06111437454819679
2017-01-01,2016,spe12_m_gdo_20170101_20171201_m,spe12_m_gdo_20170101_m_100_z01.tif,8,Aragatsotn,0.5637750625610352
2017-01-01,2016,spe12_m_gdo_20170101_20171201_m,spe12_m_gdo_20170101_m_100_z01.tif,9,Armavir,-0.0633452981710434
2017-01-01,2016,spe12_m_gdo_20170101_20171201_m,spe12_m_gdo_20170101_m_100_z01.tif,10,Kotayk,0.8036994934082031
2017-01-01,2016,spe12_m_gdo_20170101_20171201_m,spe12_m_gdo_20170101_m_100_z01.tif,11,Yerevan,-0.08656007796525955
2018-01-01,2017,spe12_m_gdo_20180101_20181201_m,spe12_m_gdo_20180101_m_100_z01.tif,1,Tavush,-1.200008749961853
2018-01-01,2017,spe12_m_gdo_20180101_20181201_m,spe12_m_gdo_20180101_m_100_z01.tif,2,Lori,-0.9768067002296448
2018-01-01,2017,spe12_m_gdo_20180101_20181201_m,spe12_m_gdo_20180101_m_100_z01.tif,3,Shirak,-1.2300926446914673
2018-01-01,2017,spe12_m_gdo_20180101_20181201_m,spe12_m_gdo_20180101_m_100_z01.tif,4,Gegharkunik,-1.4052259922027588
2018-01-01,2017,spe12_m_gdo_20180101_20181201_m,spe12_m_gdo_20180101_m_100_z01.tif,5,Vayots Dzor,-1.1808170080184937
2018-01-01,2017,spe12_m_gdo_20180101_20181201_m,spe12_m_gdo_20180101_m_100_z01.tif,6,Syunik,-1.0106357336044312
2018-01-01,2017,spe12_m_gdo_20180101_20181201_m,spe12_m_gdo_20180101_m_100_z01.tif,7,Ararat,-1.1887637376785278
2018-01-01,2017,spe12_m_gdo_20180101_20181201_m,spe12_m_gdo_20180101_m_100_z01.tif,8,Aragatsotn,-1.5658485889434814
2018-01-01,2017,spe12_m_gdo_20180101_20181201_m,spe12_m_gdo_20180101_m_100_z01.tif,9,Armavir,-1.4974944591522217
2018-01-01,2017,spe12_m_gdo_20180101_20181201_m,spe12_m_gdo_20180101_m_100_z01.tif,10,Kotayk,-1.4885318279266357
2018-01-01,2017,spe12_m_gdo_20180101_20181201_m,spe12_m_gdo_20180101_m_100_z01.tif,11,Yerevan,-1.552802324295044
2019-01-01,2018,spe12_m_gdo_20190101_20191201_m,spe12_m_gdo_20190101_m_100_z01.tif,1,Tavush,-0.5659204125404358
2019-01-01,2018,spe12_m_gdo_20190101_20191201_m,spe12_m_gdo_20190101_m_100_z01.tif,2,Lori,-0.12169935554265976
2019-01-01,2018,spe12_m_gdo_20190101_20191201_m,spe12_m_gdo_20190101_m_100_z01.tif,3,Shirak,0.5722084045410156
2019-01-01,2018,spe12_m_gdo_20190101_20191201_m,spe12_m_gdo_20190101_m_100_z01.tif,4,Gegharkunik,0.13786037266254425
2019-01-01,2018,spe12_m_gdo_20190101_20191201_m,spe12_m_gdo_20190101_m_100_z01.tif,5,Vayots Dzor,0.11080343276262283
2019-01-01,2018,spe12_m_gdo_20190101_20191201_m,spe12_m_gdo_20190101_m_100_z01.tif,6,Syunik,-0.6564501523971558
2019-01-01,2018,spe12_m_gdo_20190101_20191201_m,spe12_m_gdo_20190101_m_100_z01.tif,7,Ararat,0.06087352707982063
2019-01-01,2018,spe12_m_gdo_20190101_20191201_m,spe12_m_gdo_20190101_m_100_z01.tif,8,Aragatsotn,0.7261485457420349
2019-01-01,2018,spe12_m_gdo_20190101_20191201_m,spe12_m_gdo_20190101_m_100_z01.tif,9,Armavir,-0.3192693591117859
2019-01-01,2018,spe12_m_gdo_20190101_20191201_m,spe12_m_gdo_20190101_m_100_z01.tif,10,Kotayk,0.6465383172035217
2019-01-01,2018,spe12_m_gdo_20190101_20191201_m,spe12_m_gdo_20190101_m_100_z01.tif,11,Yerevan,-0.029010199010372162
2020-01-01,2019,spe12_m_gdo_20200101_20201201_m,spe12_m_gdo_20200101_m_100_z01.tif,1,Tavush,-1.6346815824508667
2020-01-01,2019,spe12_m_gdo_20200101_20201201_m,spe12_m_gdo_20200101_m_100_z01.tif,2,Lori,-1.4505165815353394
2020-01-01,2019,spe12_m_gdo_20200101_20201201_m,spe12_m_gdo_20200101_m_100_z01.tif,3,Shirak,-1.4839085340499878
2020-01-01,2019,spe12_m_gdo_20200101_20201201_m,spe12_m_gdo_20200101_m_100_z01.tif,4,Gegharkunik,-1.4870989322662354
2020-01-01,2019,spe12_m_gdo_20200101_20201201_m,spe12_m_gdo_20200101_m_100_z01.tif,5,Vayots Dzor,-1.382574200630188
2020-01-01,2019,spe12_m_gdo_20200101_20201201_m,spe12_m_gdo_20200101_m_100_z01.tif,6,Syunik,-1.2696220874786377
2020-01-01,2019,spe12_m_gdo_20200101_20201201_m,spe12_m_gdo_20200101_m_100_z01.tif,7,Ararat,-1.1749824285507202
2020-01-01,2019,spe12_m_gdo_20200101_20201201_m,spe12_m_gdo_20200101_m_100_z01.tif,8,Aragatsotn,-1.4601247310638428
2020-01-01,2019,spe12_m_gdo_20200101_20201201_m,spe12_m_gdo_20200101_m_100_z01.tif,9,Armavir,-1.2491028308868408
2020-01-01,2019,spe12_m_gdo_20200101_20201201_m,spe12_m_gdo_20200101_m_100_z01.tif,10,Kotayk,-1.399892807006836
2020-01-01,2019,spe12_m_gdo_20200101_20201201_m,spe12_m_gdo_20200101_m_100_z01.tif,11,Yerevan,-1.0721155405044556
2021-01-01,2020,spe12_m_gdo_20210101_20211201_m,spe12_m_gdo_20210101_m_100_z01.tif,1,Tavush,-1.2417848110198975
2021-01-01,2020,spe12_m_gdo_20210101_20211201_m,spe12_m_gdo_20210101_m_100_z01.tif,2,Lori,-0.9440865516662598
2021-01-01,2020,spe12_m_gdo_20210101_20211201_m,spe12_m_gdo_20210101_m_100_z01.tif,3,Shirak,-0.7127555012702942
2021-01-01,2020,spe12_m_gdo_20210101_20211201_m,spe12_m_gdo_20210101_m_100_z01.tif,4,Gegharkunik,-0.43282565474510193
2021-01-01,2020,spe12_m_gdo_20210101_20211201_m,spe12_m_gdo_20210101_m_100_z01.tif,5,Vayots Dzor,-0.10367029905319214
2021-01-01,2020,spe12_m_gdo_20210101_20211201_m,spe12_m_gdo_20210101_m_100_z01.tif,6,Syunik,-0.7010855674743652
2021-01-01,2020,spe12_m_gdo_20210101_20211201_m,spe12_m_gdo_20210101_m_100_z01.tif,7,Ararat,-0.03484341874718666
2021-01-01,2020,spe12_m_gdo_20210101_20211201_m,spe12_m_gdo_20210101_m_100_z01.tif,8,Aragatsotn,-0.5463201999664307
2021-01-01,2020,spe12_m_gdo_20210101_20211201_m,spe12_m_gdo_20210101_m_100_z01.tif,9,Armavir,-0.643173098564148
2021-01-01,2020,spe12_m_gdo_20210101_20211201_m,spe12_m_gdo_20210101_m_100_z01.tif,10,Kotayk,-0.1683977246284485
2021-01-01,2020,spe12_m_gdo_20210101_20211201_m,spe12_m_gdo_20210101_m_100_z01.tif,11,Yerevan,-0.12316436320543289
2022-01-01,2021,spe12_m_gdo_20220101_20221201_m,spe12_m_gdo_20220101_m_100_z01.tif,1,Tavush,-1.3535255193710327
2022-01-01,2021,spe12_m_gdo_20220101_20221201_m,spe12_m_gdo_20220101_m_100_z01.tif,2,Lori,-1.0373891592025757
2022-01-01,2021,spe12_m_gdo_20220101_20221201_m,spe12_m_gdo_20220101_m_100_z01.tif,3,Shirak,-0.8631899952888489
2022-01-01,2021,spe12_m_gdo_20220101_20221201_m,spe12_m_gdo_20220101_m_100_z01.tif,4,Gegharkunik,-1.37419593334198
2022-01-01,2021,spe12_m_gdo_20220101_20221201_m,spe12_m_gdo_20220101_m_100_z01.tif,5,Vayots Dzor,-1.7772583961486816
2022-01-01,2021,spe12_m_gdo_20220101_20221201_m,spe12_m_gdo_20220101_m_100_z01.tif,6,Syunik,-2.155834674835205
2022-01-01,2021,spe12_m_gdo_20220101_20221201_m,spe12_m_gdo_20220101_m_100_z01.tif,7,Ararat,-1.8930022716522217
2022-01-01,2021,spe12_m_gdo_20220101_20221201_m,spe12_m_gdo_20220101_m_100_z01.tif,8,Aragatsotn,-1.043578863143921
2022-01-01,2021,spe12_m_gdo_20220101_20221201_m,spe12_m_gdo_20220101_m_100_z01.tif,9,Armavir,-1.5045063495635986
2022-01-01,2021,spe12_m_gdo_20220101_20221201_m,spe12_m_gdo_20220101_m_100_z01.tif,10,Kotayk,-1.0025761127471924
2022-01-01,2021,spe12_m_gdo_20220101_20221201_m,spe12_m_gdo_20220101_m_100_z01.tif,11,Yerevan,-1.4283573627471924
2023-01-01,2022,spe12_m_gdo_20230101_20231201_m,spe12_m_gdo_20230101_m_100_z01.tif,1,Tavush,-1.5245484113693237
2023-01-01,2022,spe12_m_gdo_20230101_20231201_m,spe12_m_gdo_20230101_m_100_z01.tif,2,Lori,-1.5333853960037231
2023-01-01,2022,spe12_m_gdo_20230101_20231201_m,spe12_m_gdo_20230101_m_100_z01.tif,3,Shirak,-1.4842950105667114
2023-01-01,2022,spe12_m_gdo_20230101_20231201_m,spe12_m_gdo_20230101_m_100_z01.tif,4,Gegharkunik,-1.8345073461532593
2023-01-01,2022,spe12_m_gdo_20230101_20231201_m,spe12_m_gdo_20230101_m_100_z01.tif,5,Vayots Dzor,-2.241835355758667
2023-01-01,2022,spe12_m_gdo_20230101_20231201_m,spe12_m_gdo_20230101_m_100_z01.tif,6,Syunik,-2.074281692504883
2023-01-01,2022,spe12_m_gdo_20230101_20231201_m,spe12_m_gdo_20230101_m_100_z01.tif,7,Ararat,-2.3196582794189453
2023-01-01,2022,spe12_m_gdo_20230101_20231201_m,spe12_m_gdo_20230101_m_100_z01.tif,8,Aragatsotn,-1.706497311592102
2023-01-01,2022,spe12_m_gdo_20230101_20231201_m,spe12_m_gdo_20230101_m_100_z01.tif,9,Armavir,-1.4552247524261475
2023-01-01,2022,spe12_m_gdo_20230101_20231201_m,spe12_m_gdo_20230101_m_100_z01.tif,10,Kotayk,-1.8851542472839355
2023-01-01,2022,spe12_m_gdo_20230101_20231201_m,spe12_m_gdo_20230101_m_100_z01.tif,11,Yerevan,-1.849992036819458
2024-01-01,2023,spe12_m_gdo_20240101_20241201_m,spe12_m_gdo_20240101_m_100_z01.tif,1,Tavush,0.6589716672897339
2024-01-01,2023,spe12_m_gdo_20240101_20241201_m,spe12_m_gdo_20240101_m_100_z01.tif,2,Lori,1.0809962749481201
2024-01-01,2023,spe12_m_gdo_20240101_20241201_m,spe12_m_gdo_20240101_m_100_z01.tif,3,Shirak,0.23778605461120605
2024-01-01,2023,spe12_m_gdo_20240101_20241201_m,spe12_m_gdo_20240101_m_100_z01.tif,4,Gegharkunik,0.798786461353302
2024-01-01,2023,spe12_m_gdo_20240101_20241201_m,spe12_m_gdo_20240101_m_100_z01.tif,5,Vayots Dzor,-0.018542209640145302
2024-01-01,2023,spe12_m_gdo_20240101_20241201_m,spe12_m_gdo_20240101_m_100_z01.tif,6,Syunik,-0.05702315643429756
2024-01-01,2023,spe12_m_gdo_20240101_20241201_m,spe12_m_gdo_20240101_m_100_z01.tif,7,Ararat,-0.15072301030158997
2024-01-01,2023,spe12_m_gdo_20240101_20241201_m,spe12_m_gdo_20240101_m_100_z01.tif,8,Aragatsotn,0.12142462283372879
2024-01-01,2023,spe12_m_gdo_20240101_20241201_m,spe12_m_gdo_20240101_m_100_z01.tif,9,Armavir,-0.24095144867897034
2024-01-01,2023,spe12_m_gdo_20240101_20241201_m,spe12_m_gdo_20240101_m_100_z01.tif,10,Kotayk,0.4127524197101593
2024-01-01,2023,spe12_m_gdo_20240101_20241201_m,spe12_m_gdo_20240101_m_100_z01.tif,11,Yerevan,0.11606386303901672
2025-01-01,2024,spe12_m_gdo_20250101_20250901_m,spe12_m_gdo_20250101_m_100_z01.tif,1,Tavush,0.19757509231567383
2025-01-01,2024,spe12_m_gdo_20250101_20250901_m,spe12_m_gdo_20250101_m_100_z01.tif,2,Lori,0.019399374723434448
2025-01-01,2024,spe12_m_gdo_20250101_20250901_m,spe12_m_gdo_20250101_m_100_z01.tif,3,Shirak,-0.16268517076969147
2025-01-01,2024,spe12_m_gdo_20250101_20250901_m,spe12_m_gdo_20250101_m_100_z01.tif,4,Gegharkunik,0.14481154084205627
2025-01-01,2024,spe12_m_gdo_20250101_20250901_m,spe12_m_gdo_20250101_m_100_z01.tif,5,Vayots Dzor,-0.6389179229736328
2025-01-01,2024,spe12_m_gdo_20250101_20250901_m,spe12_m_gdo_20250101_m_100_z01.tif,6,Syunik,-0.35186105966567993
2025-01-01,2024,spe12_m_gdo_20250101_20250901_m,spe12_m_gdo_20250101_m_100_z01.tif,7,Ararat,-0.49159425497055054
2025-01-01,2024,spe12_m_gdo_20250101_20250901_m,spe12_m_gdo_20250101_m_100_z01.tif,8,Aragatsotn,-0.03878125548362732
2025-01-01,2024,spe12_m_gdo_20250101_20250901_m,spe12_m_gdo_20250101_m_100_z01.tif,9,Armavir,-0.3764864206314087
2025-01-01,2024,spe12_m_gdo_20250101_20250901_m,spe12_m_gdo_20250101_m_100_z01.tif,10,Kotayk,0.22645200788974762
2025-01-01,2024,spe12_m_gdo_20250101_20250901_m,spe12_m_gdo_20250101_m_100_z01.tif,11,Yerevan,-0.5031893849372864
